<HOST_ID>TZESAN-PROD-SERVER</HOST_ID>
<NO_CONSOLE>1</NO_CONSOLE>
<LOG_PATH>logs/</LOG_PATH>
<AnalysisManager>
  <RouteNumber>1</RouteNumber>
  <Type>LOCAL</Type>
  <NumExecutioner>16</NumExecutioner>
</AnalysisManager>
<DatabaseConnector>
  <Type>Cassandra</Type>
  <Class>HISTORICAL</Class>
  <NoConnections>1</NoConnections>
  <Address>172.30.1.217</Address>
  <Database>historical_database</Database>
</DatabaseConnector>
<DatabaseConnector>
  <Type>SQLAP</Type>
  <Class>SECURITY</Class>
  <Name>SQLAP_Connector</Name>
  <NoConnections>1</NoConnections>
  <Address>172.30.1.139,5532</Address>
  <Database>SecurityDatabase</Database>
  <Username>postgres</Username>
  <Password>Alice1989</Password>
</DatabaseConnector>
<flexq>192.168.1.14:8285</flexq>
<bardb>172.30.1.217</bardb>
<database>huanggang:tuanfeng@172.30.1.247:5432@flexq</database>
<Route>
  <RouteNumber>1</RouteNumber>
</Route>
